{"cameraMode":{"drawMode":0,"name":"Shaded","section":"Shading Mode"},"sceneLighting":true,"audioPlay":false,"sceneViewState":{"m_AlwaysRefresh":false,"showFog":true,"showSkybox":true,"showFlares":true,"showImageEffects":true,"showParticleSystems":true,"showVisualEffectGraphs":true,"m_FxEnabled":true},"in2DMode":false,"pivot":{"x":-0.012007594108581543,"y":0.6122255325317383,"z":0.33910924196243288},"rotation":{"x":0.10977406054735184,"y":-0.5469004511833191,"z":0.07261328399181366,"w":0.826791524887085},"size":3.2908551692962648,"orthographic":false}